Organization Name,Organization Name URL,Number of Employees,Operating Status,Website,Contact Email,Phone Number,Number of Portfolio Organizations,Number of Investments,Number of Lead Investments,Number of Diversity Investments,Accelerator Program Type,Accelerator Application Deadline,Accelerator Duration (in weeks),Number of Alumni,Industry Groups,Industries,IPqwery - Patents Granted,IPqwery - Trademarks Registered,IPqwery - Most Popular Patent Class,IPqwery - Most Popular Trademark Class,Aberdeen - IT Spend,Aberdeen - IT Spend Currency,Aberdeen - IT Spend Currency (in USD),Number of Private Notes,Tags,Headquarters Location,Estimated Revenue Range,Founded Date,Founded Date Precision,Top 5 Investors,LinkedIn
Rokid,https://www.crunchbase.com/organization/rokid,251-500,Active,http://rokid.ai,sales@rokid.ai,650-294-0103,,,,,,,,,"Artificial Intelligence (AI), Consumer Electronics, Data and Analytics, Design, Hardware, Science and Engineering, Software","Artificial Intelligence (AI), Augmented Reality, Consumer Electronics, Human Computer Interaction, Robotics",,,,,,,,,,"Redwood City, California, United States",$10M to $50M,2014-01-01,year,"Bilibili, Walden International, CDIB Capital, Vision Plus Capital, Temasek Holdings",https://www.linkedin.com/company/rokid-inc
Diligent Robotics,https://www.crunchbase.com/organization/diligent-robotics,101-250,Active,http://diligentrobots.com,info@diligentrobots.com,,,,,,,,,,"Artificial Intelligence (AI), Data and Analytics, Design, Hardware, Science and Engineering, Software","Artificial Intelligence (AI), Human Computer Interaction, Machine Learning, Robotics, Software",7,1,Hand Tools; Portable Power-Driven Tools; Manipulators,Scientific and technological services,228978,USD,228978,,,"Austin, Texas, United States",$10M to $50M,2016-01-01,year,"Northwestern Memorial HealthCare, Gaingels, Capital Factory, Promus Ventures, DNX Ventures",https://www.linkedin.com/company/diligent-robotics
Wandelbots,https://www.crunchbase.com/organization/wandelbots,101-250,Active,http://www.wandelbots.com,contact@wandelbots.com,+49 351 86264000,,,,,,,,,"Artificial Intelligence (AI), Consumer Electronics, Data and Analytics, Design, Hardware, Manufacturing, Professional Services, Science and Engineering, Software","Human Computer Interaction, Industrial Automation, Innovation Management, Machine Learning, Manufacturing, Robotics, Software, Wearables",2,9,Hand Tools; Portable Power-Driven Tools; Manipulators,Machines and machine tools,1188846,USD,1188846,,,"Dresden, Sachsen, Germany",$1M to $10M,2017-09-21,day,"Atlantic Labs, Next47, M12 - Microsoft's Venture Fund, 83North, SquareOne Venture Capital",https://www.linkedin.com/company/wandelbots/
Intuition Robotics,https://www.crunchbase.com/organization/intuition-robotics,101-250,Active,http://www.intuitionrobotics.com,hello@intuitionrobotics.com,844-944-3554,,,,,,,,,"Artificial Intelligence (AI), Community and Lifestyle, Data and Analytics, Design, Hardware, Science and Engineering, Software","Artificial Intelligence (AI), Human Computer Interaction, Robotics, Social, Software",13,4,,Scientific and electric apparatus and instruments,,,,,,"Ramat Gan, Tel Aviv, Israel",$1M to $10M,2016-01-01,year,"iRobot, OurCrowd, Toyota Ventures, Bloomberg Beta, Western Technology Investment",https://www.linkedin.com/company/intuition-robotics
Affectiva,https://www.crunchbase.com/organization/affectiva,51-100,Active,http://www.affectiva.com,info@affectiva.com,,,,,,,,,,"Artificial Intelligence (AI), Data and Analytics, Design, Sales and Marketing, Science and Engineering, Software, Transportation","Artificial Intelligence (AI), Autonomous Vehicles, Digital Marketing, Fleet Management, Human Computer Interaction, Machine Learning, Market Research, Ride Sharing, Software",75,5,Computing; Calculating,Advertising; business,1035614,USD,1035614,,,"Boston, Massachusetts, United States",Less than $1M,2009-01-01,year,"Horizons Ventures, MIT Media Lab, Pegasus Tech Ventures, Motley Fool Ventures, Aptiv",http://www.linkedin.com/company/722122
Arduino,https://www.crunchbase.com/organization/arduino,101-250,Active,http://www.arduino.cc,,,,,,,,,,,"Design, Hardware, Science and Engineering, Software","Hardware, Human Computer Interaction, Product Design, Software",0,2,,Services for providing food and drink; temporary accommodations,1212560,USD,1212560,,,"Monza, Lombardia, Italy",$50M to $100M,2005-01-01,year,"Arm Holdings, Anzu Partners, CDP Venture Capital, Renesas Electronics Corporation, Bosch Ventures",http://www.linkedin.com/company/arduino
CTRL-labs,https://www.crunchbase.com/organization/ctrl-labs,51-100,Closed,https://ctrl-labs.com/,info@ctrl-labs.com,,,,,,,,,,"Artificial Intelligence (AI), Biotechnology, Data and Analytics, Design, Science and Engineering, Software","Artificial Intelligence (AI), Human Computer Interaction, Neuroscience",,,,,,,,,,"New York, New York, United States",$10M to $50M,2015-01-01,year,"Breyer Capital, Google Ventures, Vulcan Capital, Fuel Capital, Amazon Alexa Fund",https://www.linkedin.com/company/11248717/
Posh,https://www.crunchbase.com/organization/posh-bb65,101-250,Active,https://www.posh.tech,hello@posh.tech,,,,,,,,,,"Artificial Intelligence (AI), Data and Analytics, Design, Information Technology, Internet Services, Science and Engineering, Software","Artificial Intelligence (AI), Human Computer Interaction, Information Technology, Internet, Machine Learning, Natural Language Processing",,,,,1134530,USD,1134530,,,"Boston, Massachusetts, United States",$10M to $50M,2015-01-01,year,"Human Capital, Tenity, Canapi Ventures, JAM FINTOP, Curql",https://www.linkedin.com/company/posh-development/
Bossa Nova Robotics,https://www.crunchbase.com/organization/bossa-nova-robotics-inc,251-500,Active,http://www.bossanova.com/,info@bossanova.com,1 415-878-1812,,,,,,,,,"Artificial Intelligence (AI), Commerce and Shopping, Data and Analytics, Design, Hardware, Internet Services, Science and Engineering, Software, Transportation","Analytics, Artificial Intelligence (AI), Autonomous Vehicles, Cloud Computing, Computer Vision, Human Computer Interaction, Retail Technology, Robotics, Software",3,0,Computing; Calculating,,6575100,USD,6575100,,,"San Francisco, California, United States",$10M to $50M,2005-01-01,year,"LG Electronics, Cota Capital, Celesta Capital, Lucas Venture Group, Intel Capital",https://www.linkedin.com/company/bossa-nova-robotics/
ProtoPie,https://www.crunchbase.com/organization/studio-xid,51-100,Active,https://www.protopie.io,hello@protopie.io,,,,,,,,,,"Design, Science and Engineering, Software","Human Computer Interaction, Product Design, SaaS, Software, UX Design",22,4,Computing; Calculating,Scientific and electric apparatus and instruments,,,,,,"Seoul, Seoul-t'ukpyolsi, South Korea",$10M to $50M,2014-12-08,day,"LINE Plus Corporation, Korea Investment Partners, Mirae Asset Venture Investment, Vela Partners, LB Investment",https://www.linkedin.com/showcase/protopie
Field Effect Software,https://www.crunchbase.com/organization/field-effect-software,101-250,Active,https://www.fieldeffect.com,hello@fieldeffect.com,613-783-9655,,,,,,,,,"Consumer Electronics, Design, Hardware, Information Technology, Privacy and Security, Science and Engineering, Software","Computer, Cyber Security, Human Computer Interaction, Software, Software Engineering",4,19,,Scientific and electric apparatus and instruments,2755232,USD,2755232,,,"Ottawa, Ontario, Canada",$10M to $50M,2016-01-01,day,"Edison Partners, Scotiabank, Round13 Capital",https://www.linkedin.com/company/field-effect-software
Leap Motion,https://www.crunchbase.com/organization/leap-motion,51-100,Closed,http://www.leapmotion.com,pr@leapmotion.com,(415)692-3860,,,,,,,,,"Design, Hardware, Science and Engineering, Software","3D Technology, Augmented Reality, Hardware, Human Computer Interaction, Software, Virtual Reality",16,1,Computing; Calculating,Advertising; business,2362723,USD,2362723,,,"San Francisco, California, United States",$10M to $50M,2010-10-01,day,"Andreessen Horowitz, Founders Fund, PROfounders Capital, J.P. Morgan Asset Management, SOSV",http://www.linkedin.com/company/leap-motion
HYPERVSN,https://www.crunchbase.com/organization/hypervsn,101-250,Active,https://hypervsn.com,info@hypervsn.com,+44(0)208-0685-328,,,,,,,,,"Commerce and Shopping, Consumer Electronics, Design, Hardware, Media and Entertainment, Sales and Marketing, Science and Engineering, Software","3D Technology, Augmented Reality, Digital Signage, Electronics, Human Computer Interaction, Media and Entertainment, Retail, Software",6,5,Education; Cryptography; Display; Advertising; Seals,Scientific and electric apparatus and instruments,687331,USD,687331,,,"London, England, United Kingdom",$10M to $50M,2012-01-01,year,,https://www.linkedin.com/company/2656626/
Mobeus,https://www.crunchbase.com/organization/mobeus-industries,51-100,Active,https://mobeus.com/,matt@mobeus.com,,,,,,,,,,"Design, Hardware, Messaging and Telecommunications, Science and Engineering, Software","Augmented Reality, Computer Vision, Human Computer Interaction, Meeting Software",30,3,Computing; Calculating,Scientific and electric apparatus and instruments,,,,,,"Sparta, New Jersey, United States",,2020-05-27,day,"Accenture Ventures, Standish Spring Investments",https://www.linkedin.com/company/mobeus/mycompany/verification/
Xiaoice,https://www.crunchbase.com/organization/xiaoice,51-100,Active,https://www.xiaoice.com,business@xiaobing.ai,,,,,,,,,,"Artificial Intelligence (AI), Data and Analytics, Design, Science and Engineering, Software","Artificial Intelligence (AI), Chatbot, Human Computer Interaction, Machine Learning, Natural Language Processing, Virtual Assistant",,,,,,,,,,"Beijing, Beijing, China",$10M to $50M,2014-01-01,year,"NetEase, Hillhouse Investment, Northern Light Venture Capital, 5Y Capital, GGV Capital",
WiMi Hologram Cloud,https://www.crunchbase.com/organization/wimi-hologram-cloud,101-250,Active,http://en.wimiar.com,info@wimiar.com,86-10-5338-4913,,,,,,,,,"Design, Hardware, Information Technology, Internet Services, Science and Engineering, Software","Augmented Reality, Cloud Infrastructure, Computer Vision, Human Computer Interaction, Information Technology, Software",,,,,,,,,,"Beijing, Beijing, China",$100M to $500M,2015-01-01,year,,
Conversocial,https://www.crunchbase.com/organization/conversocial,51-100,Active,https://www.conversocial.com/,info@conversocial.com,(646) 375 2492,,,,,,,,,"Advertising, Artificial Intelligence (AI), Data and Analytics, Design, Information Technology, Internet Services, Messaging and Telecommunications, Other, Privacy and Security, Sales and Marketing, Science and Engineering, Software","Advertising, Analytics, Artificial Intelligence (AI), Human Computer Interaction, Loyalty Programs, Messaging, Real Time, Security, Text Analytics, Virtual Assistant",,,,,1490768,USD,1490768,,,"New York, New York, United States",$10M to $50M,2009-11-01,day,"Molten Ventures, Octopus Ventures, Dawn Capital, Columbia Lake Partners, Lerer Hippeau",http://www.linkedin.com/company/conversocial
uSens,https://www.crunchbase.com/organization/usens-inc-,51-100,Active,https://en.usens.com,info@usens.com,408-796-9070,,,,,,,,,"Artificial Intelligence (AI), Data and Analytics, Design, Hardware, Science and Engineering, Software","3D Technology, Artificial Intelligence (AI), Augmented Reality, Computer Vision, Human Computer Interaction, Machine Learning, Robotics, Software, Virtual Reality",14,3,Computing; Calculating,Scientific and electric apparatus and instruments,925895,USD,925895,,,"San Jose, California, United States",Less than $1M,2013-01-01,year,"Arm Holdings, Stone Point Capital, Chiratae Ventures, Oriental Fortune Capital, Fosun RZ Capital",https://www.linkedin.com/company/usens-inc-
Tigerspike,https://www.crunchbase.com/organization/tigerspike,251-500,Closed,http://www.tigerspike.com,info@tigerspike.com,646 330 4636,,,,,,,,,"Apps, Data and Analytics, Design, Information Technology, Internet Services, Mobile, Science and Engineering, Software","Data Integration, Enterprise Software, Human Computer Interaction, Information Technology, Internet of Things, Mobile Apps, Software Engineering",0,2,,Scientific and electric apparatus and instruments,,,,,,"Sydney, New South Wales, Australia",$10M to $50M,2003-09-11,day,Dentsu Aegis Network,https://www.linkedin.com/company/108629?trk=vsrp_companies_res_name&trkInfo=VSRPsearchId%3A120165741478162992049%2CVSRPtargetId%3A108629%2CVSRPcmpt%3Aprimary
AMERIA,https://www.crunchbase.com/organization/ameria,51-100,Active,https://www.ameria.com,info@ameria.de,+49 6221 3521 500,,,,,,,,,"Commerce and Shopping, Consumer Electronics, Design, Hardware, Media and Entertainment, Sales and Marketing, Science and Engineering, Software","Computer, Human Computer Interaction, Metaverse, Retail, Sales, Software",8,9,Computing; Calculating,Scientific and electric apparatus and instruments,,,,,,"Heidelberg, Baden-Wurttemberg, Germany",,2018-01-01,year,"VentureOut, Wunderkind Invest",https://www.linkedin.com/company/ameria-ag
Advertima AG,https://www.crunchbase.com/organization/advertima,51-100,Closed,,,,,,,,,,,,"Artificial Intelligence (AI), Commerce and Shopping, Data and Analytics, Design, Hardware, Science and Engineering, Software","Artificial Intelligence (AI), Computer Vision, Human Computer Interaction, Retail Technology, Software",1,0,Computing; Calculating,,,,,,,"Saint Gallen, Sankt Gallen, Switzerland",Less than $1M,2016-01-01,year,"Migros, FortyOne Group, Fortimo Group",
Moviebook,https://www.crunchbase.com/organization/moviebook-co,101-250,Active,http://www.moviebook.cn,bd@zhiruyi.com,010-64169889,1,1,,,,,,,"Data and Analytics, Design, Internet Services, Media and Entertainment, Science and Engineering, Software, Video","Human Computer Interaction, Image Recognition, Internet, Video",,,,,,,,,,"Beijing, Beijing, China",$1M to $10M,2009-01-01,year,"SenseTime, Primavera Capital Group, SBCVC, New Horizon Capital, Yao Capital",https://www.linkedin.com/company/%E5%BD%B1%E8%B0%B1%E7%A7%91%E6%8A%80moviebook/
Genesis lab,https://www.crunchbase.com/organization/genesis-lab,51-100,Active,http://www.genesislab.ai/#/,contact@genesislab.ai,82-2-6402-0118,,,,,,,,,"Artificial Intelligence (AI), Data and Analytics, Design, Science and Engineering, Software","Artificial Intelligence (AI), Human Computer Interaction",12,0,Computing; Calculating,Scientific and electric apparatus and instruments,,,,,,"Seocho, Seoul-t'ukpyolsi, South Korea",,2017-01-01,year,"Bluepoint Partners, Korea Investment Partners, Korea Development Bank, TIPS Program, Hana Ventures",https://www.linkedin.com/company/genesis-lab-inc
Galois,https://www.crunchbase.com/organization/galois,101-250,Active,http://galois.com,contact@galois.com,+1 503 626 6616,,,,,,,,,"Artificial Intelligence (AI), Data and Analytics, Design, Government and Military, Information Technology, Privacy and Security, Professional Services, Science and Engineering, Software","Analytics, Cyber Security, Human Computer Interaction, Information Technology, Machine Learning, National Security, Risk Management, Security, Software",6,4,Computing; Calculating,Scientific and electric apparatus and instruments,891174,USD,891174,,,"Portland, Oregon, United States",$10M to $50M,1999-01-01,year,US Department of Energy,https://www.linkedin.com/company/galois-inc-/?originalSubdomain=ph
SELVAS Al,https://www.crunchbase.com/organization/selvas-al,51-100,Active,https://www.selvasai.com,support@selvasai.com,+82-2-6190-7500,,,,,,,,,"Artificial Intelligence (AI), Data and Analytics, Design, Science and Engineering, Software","Artificial Intelligence (AI), Human Computer Interaction, Machine Learning, Speech Recognition",,,,,,,,,,"Seoul, Seoul-t'ukpyolsi, South Korea",$10M to $50M,1999-03-31,day,"Seerslab, WYSIWYG Studio",https://www.linkedin.com/company/selvas-ai-inc.
SinoVoice,https://www.crunchbase.com/organization/sinovoice,251-500,Active,http://www.sinovoice.com/,,+86 9393975671,1,1,1,,,,,,"Artificial Intelligence (AI), Data and Analytics, Design, Science and Engineering, Software","Artificial Intelligence (AI), Human Computer Interaction, Speech Recognition",,,,,,,,,,"Beijing, Beijing, China",,2000-10-01,month,"Shenzhen Capital Group, Tsinghua Innovation Ventures",https://www.linkedin.com/company/北京捷通华声语音技术有限公司
Juni Learning,https://www.crunchbase.com/organization/juni-learning,251-500,Active,https://junilearning.com/,hello@learnwithjuni.com,(650) 263-4306,,,,,,,,,"Consumer Electronics, Design, Education, Hardware, Science and Engineering, Software","Computer, E-Learning, EdTech, Education, Human Computer Interaction",0,0,,Education; entertainment,909511,USD,909511,,,"San Francisco, California, United States",$1M to $10M,2017-01-01,year,"Pear VC, Y Combinator, AME Cloud Ventures, Index Ventures, Arielle Zuckerberg",https://www.linkedin.com/company/18219315/
0glass,https://www.crunchbase.com/organization/0glass,51-100,Active,http://www.0glass.cn/,marketing@0glass.cn,+075586060926,,,,,,,,,"Apps, Artificial Intelligence (AI), Data and Analytics, Design, Hardware, Science and Engineering, Software","Apps, Artificial Intelligence (AI), Human Computer Interaction, Optical Communication, Software",,,,,,,,,,"Shenzhen, Guangdong, China",,2015-01-01,year,"Jun Capital, Enlightenment Capital, Ming capital, District-10 VRAR Incubator Fund, Yungpark Lingzhong Fund",https://www.linkedin.com/company/%E6%B7%B1%E5%9C%B3%E5%A2%9E%E5%BC%BA%E7%8E%B0%E5%AE%9E%E6%8A%80%E6%9C%AF%E6%9C%89%E9%99%90%E5%85%AC%E5%8F%B8/
Orium,https://www.crunchbase.com/organization/myplanet-digital,101-250,Active,https://www.orium.com,hello@orium.com,(866) 232-7456,,,,,,,,,"Commerce and Shopping, Design, Hardware, Internet Services, Science and Engineering, Software","E-Commerce Platforms, Human Computer Interaction, Retail Technology, Software",1,2,,Scientific and electric apparatus and instruments,2801090,USD,2801090,,,"Toronto, Ontario, Canada",$10M to $50M,2009-09-01,day,"Business Development Bank of Canada, Tercera",https://ca.linkedin.com/company/oriuminc
Moran Cognitive Technology,https://www.crunchbase.com/organization/moran-cognitive-technology,51-100,Active,http://mor.ai/,,,,,,,,,,,"Artificial Intelligence (AI), Data and Analytics, Design, Internet Services, Science and Engineering, Software","Artificial Intelligence (AI), Human Computer Interaction, Internet of Things, Natural Language Processing, Software, Speech Recognition",,,,,,,,,,"Beijing, Beijing, China",,2016-01-01,year,"Source Code Capital, Matrix Partners China",https://www.linkedin.com/company/moran-cognitive-technology-co.-ltd./about/
IDEO,https://www.crunchbase.com/organization/ideo,501-1000,Active,http://www.ideo.com,info@ideo.org,(415) 615-5000,21,23,4,3,,,,,"Design, Professional Services, Science and Engineering","Consulting, Human Computer Interaction, Product Design",0,20,,Education; entertainment,,,,,,"Palo Alto, California, United States",$100M to $500M,1978-01-01,year,Hakuhodo,http://www.linkedin.com/company/ideo
BrainStation,https://www.crunchbase.com/organization/brainstation,251-500,Active,https://www.brainstation.io,contact@brainstation.io,1 (800) 903-5159,,,,,,,,,"Administrative Services, Design, Education, Mobile, Other, Platforms, Sales and Marketing, Science and Engineering, Software","Digital Marketing, EdTech, Education, Human Computer Interaction, iOS, Mobile, Product Management, Project Management, Software Engineering, UX Design, Web Development",,,,,,,,,,"New York, New York, United States",$1M to $10M,2012-01-01,year,,http://www.linkedin.com/company/3496630
NCC Group,https://www.crunchbase.com/organization/ncc-group,1001-5000,Active,https://www.nccgroup.com,response@nccgroup.com,+44 01612065200,,,,,,,,,"Design, Information Technology, Privacy and Security, Professional Services, Science and Engineering, Software","Consulting, Cyber Security, Human Computer Interaction, Information Technology, Network Security, Software",,,,,69223495,USD,69223495,,,"Manchester, Manchester, United Kingdom",$100M to $500M,1999-06-01,day,,https://www.linkedin.com/company/ncc-group
FuturePlay,https://www.crunchbase.com/organization/futureplay-co,51-100,Active,http://www.futureplay.co,info@futureplay.co,+82 2 508 1805,148,198,38,6,Online,,,,"Artificial Intelligence (AI), Data and Analytics, Design, Financial Services, Hardware, Lending and Investments, Science and Engineering, Software","Artificial Intelligence (AI), Big Data, Hardware, Human Computer Interaction, Software, Venture Capital",33,7,Computing; Calculating,Advertising; business,,,,,,"Seoul, Seoul-t'ukpyolsi, South Korea",,2013-01-01,year,,https://www.linkedin.com/company/futureplay
Synaptics,https://www.crunchbase.com/organization/synaptics,1001-5000,Active,https://www.synaptics.com,info@synaptics.com,14084349818,2,2,1,,,,,,"Design, Hardware, Science and Engineering, Software","Hardware, Human Computer Interaction, Software","1,571",53,Computing; Calculating,Scientific and electric apparatus and instruments,137146723,USD,137146723,,,"San Jose, California, United States",$1B to $10B,1986-01-01,year,,http://www.linkedin.com/company/synaptics
Advanced Voice Research Labs,https://www.crunchbase.com/organization/advanced-voice-research-labs,51-100,Active,https://www.avrl.io/,contact@avrl.io,512-387-4820,,,,,,,,,"Artificial Intelligence (AI), Consumer Electronics, Data and Analytics, Design, Hardware, Information Technology, Manufacturing, Professional Services, Sales and Marketing, Science and Engineering, Software","Artificial Intelligence (AI), Chatbot, Computer, Consulting, Human Computer Interaction, Industrial Automation, Information Technology, Machine Learning, Marketing Automation, Software",0,1,,Scientific and technological services,302999,USD,302999,,,"Austin, Texas, United States",$1M to $10M,2017-01-01,year,Sapphire Ventures,https://www.linkedin.com/company/advanced-voice-research-labs/
Harmon.ie,https://www.crunchbase.com/organization/harmon-ie,51-100,Active,http://www.harmon.ie/,info@harmon.ie,1(800) 624-6946,,,,,,,,,"Apps, Design, Internet Services, Other, Science and Engineering, Software","Apps, Cloud Computing, Collaboration, Enterprise Software, Human Computer Interaction, Software",,,,,864323,USD,864323,,,"Boston, Massachusetts, United States",$10M to $50M,2008-01-01,year,,http://www.linkedin.com/company/harmon.ie
Journee,https://www.crunchbase.com/organization/journee-77f9,51-100,Active,https://journee.live/,,,,,,,,,,,"Artificial Intelligence (AI), Data and Analytics, Design, Hardware, Internet Services, Science and Engineering, Software","Artificial Intelligence (AI), Augmented Reality, Enterprise Software, Human Computer Interaction, Internet, Software, Virtual Reality",1,1,Computing; Calculating,Scientific and electric apparatus and instruments,55682,USD,55682,,,"Berlin, Berlin, Germany",$1M to $10M,2020-05-01,month,,https://www.linkedin.com/company/journee-live
Fortemedia,https://www.crunchbase.com/organization/fortemedia,51-100,Active,http://www.fortemedia.com/,info@fortemedia.com,(408)861-8088,,,,,,,,,"Design, Hardware, Other, Science and Engineering","Commercial, Human Computer Interaction, Semiconductor",123,6,Electric Communication Technique,Scientific and electric apparatus and instruments,1851341,USD,1851341,,,"Santa Clara, California, United States",$1M to $10M,1996-01-01,year,"Cipio Partners, Intel Capital",https://www.linkedin.com/company/fortemedia
Respondus,https://www.crunchbase.com/organization/respondus,51-100,Active,https://www.respondus.com/,info@respondus.com,4258813329,,,,,,,,,"Design, Education, Hardware, Science and Engineering","Education, Hardware, Human Computer Interaction",2,8,Education; Cryptography; Display; Advertising; Seals,Scientific and electric apparatus and instruments,,,,,,"Redmond, Washington, United States",$10M to $50M,2000-01-01,year,,https://www.linkedin.com/company/respondus
Ventive,https://www.crunchbase.com/organization/ventive-llc,51-100,Active,http://www.GetVentive.com,inquiries@getventive.com,+1 415-306-3252,,,,,,,,,"Commerce and Shopping, Design, Media and Entertainment, Mobile, Science and Engineering, Software","Digital Media, E-Commerce, Enterprise Software, Human Computer Interaction, Mobile, SaaS, Software, Web Design",0,1,,Scientific and technological services,297598,USD,297598,,,"Boise, Idaho, United States",$1M to $10M,2014-04-04,day,,https://www.linkedin.com/company/ventive-llc
iMotions A/S,https://www.crunchbase.com/organization/imotions-emotion-technology,51-100,Active,http://www.imotions.com,info@imotionsglobal.com,+45 71998098,,,,,,,,,"Biotechnology, Data and Analytics, Design, Health Care, Information Technology, Other, Science and Engineering, Software","Big Data, Biometrics, Enterprise Software, Health Care, Human Computer Interaction, Information Technology, Market Research, Software, Universities",4,3,Medical Or Veterinary Science; Hygiene,Scientific and electric apparatus and instruments,547513,USD,547513,,,"Copenhagen, Hovedstaden, Denmark",$1M to $10M,2005-01-01,year,"Inventure Capital, the Way Forward Aps, Syddansk Venture",http://www.linkedin.com/company/86975
Bold Insight,https://www.crunchbase.com/organization/bold-insight,51-100,Active,http://boldinsight.com/,hello@boldinsight.com,1.630.317.7671,,,,,,,,,"Data and Analytics, Design, Financial Services, Mobile, Payments, Professional Services, Science and Engineering, Software","Consulting, Human Computer Interaction, Mobile Payments, Product Design, Product Research, Software, Usability Testing, UX Design",,,,,1557587,USD,1557587,,,"Chicago, Illinois, United States",$10M to $50M,2018-01-01,year,,https://www.linkedin.com/company/bold-insight/
SnatchBot,https://www.crunchbase.com/organization/snatchbot,51-100,Active,https://snatchbot.me,team@snatchbot.me,,,,,,,,,,"Artificial Intelligence (AI), Data and Analytics, Design, Information Technology, Internet Services, Messaging and Telecommunications, Science and Engineering, Software","Artificial Intelligence (AI), Chatbot, Embedded Software, Human Computer Interaction, Machine Learning, Natural Language Processing, SaaS, Software, Unified Communications",0,3,,Scientific and electric apparatus and instruments,,,,,,"Herzliya, Tel Aviv, Israel",$1M to $10M,2015-12-12,day,,https://www.linkedin.com/company/snatchbot
Merino Services Limited,https://www.crunchbase.com/organization/merino-services-limited,251-500,Active,http://merinoservices.com/,contact@merinoservices.com,,,,,,,,,,"Data and Analytics, Design, Information Technology, Professional Services, Sales and Marketing, Science and Engineering, Software","Analytics, Application Performance Management, Consulting, CRM, Enterprise Software, Human Computer Interaction, Information Technology, Software",,,,,4041146,USD,4041146,,,"New Delhi, Delhi, India",Less than $1M,2007-01-01,year,,https://www.linkedin.com/company/merino-consulting-services-inc?trk=top_nav_home
Mile Two,https://www.crunchbase.com/organization/mile-two,101-250,Active,https://www.miletwo.us/,info@miletwo.us,,,,,,,,,,"Apps, Data and Analytics, Design, Information Technology, Science and Engineering, Software","Data Visualization, Human Computer Interaction, Software, Software Engineering, Web Apps",0,1,,Scientific and technological services,1468238,USD,1468238,,,"Dayton, Ohio, United States",$1M to $10M,2015-01-01,year,,https://www.linkedin.com/company/mile-two-llc/
PrimeSense,https://www.crunchbase.com/organization/primesense,101-250,Closed,http://primesense.com,contact@primesense.com,+972 3 769 2222,,,,,,,,,"Consumer Electronics, Design, Hardware, Science and Engineering, Software","3D Technology, Computer Vision, Consumer Electronics, Hardware, Human Computer Interaction",,,,,,,,,,"Tel Aviv, Tel Aviv, Israel",,2005-05-05,day,"Silver Lake, Genesis Partners, Canaan Partners, Gemini Israel Ventures, Jerusalem Global Ventures",https://www.linkedin.com/company/primesense
Ziba Design,https://www.crunchbase.com/organization/ziba-design,51-100,Active,http://www.ziba.com,connect@ziba.com,503.223.9606,,,,,,,,,"Advertising, Data and Analytics, Design, Hardware, Media and Entertainment, Other, Professional Services, Sales and Marketing, Science and Engineering","Advertising, Brand Marketing, Consumer Research, Digital Media, Human Computer Interaction, Industrial Design, Innovation Management, Product Design, Product Research, Professional Services",1,2,Computing; Calculating,Scientific and technological services,1719155,USD,1719155,,,"Portland, Oregon, United States",$10M to $50M,1984-01-01,year,,https://www.linkedin.com/company/ziba-design/
QA Consultants,https://www.crunchbase.com/organization/qa-consultants,251-500,Active,http://www.qaconsultants.com,info@qaconsultants.com,(416) 238-5333,,,,,,,,,"Apps, Consumer Electronics, Data and Analytics, Design, Hardware, Information Technology, Mobile, Privacy and Security, Professional Services, Science and Engineering, Software","Application Performance Management, Big Data, Cloud Security, Consulting, Cyber Security, Data Center Automation, Data Integration, Database, Human Computer Interaction, Mobile Apps, Mobile Devices, Network Security, Penetration Testing, Software, Test and Measurement, Usability Testing",,,,,5999700,USD,5999700,,,"Toronto, Ontario, Canada",$10M to $50M,1997-12-29,day,,https://www.linkedin.com/company/qa-consultants/
IntelliResponse,https://www.crunchbase.com/organization/intelliresponse,51-100,Closed,http://www.intelliresponse.com,info@intelliresponse.com,,,,,,,,,,"Design, Information Technology, Science and Engineering, Software","Human Computer Interaction, Information Technology, Software",,,,,,,,,,"Toronto, Ontario, Canada",,2000-01-01,year,,https://www.linkedin.com/company/intelliresponse-systems-inc/
UXReactor,https://www.crunchbase.com/organization/uxreactor,51-100,Active,http://uxreactor.com/,hello@uxreactor.com,8888973228,,,,,,,,,"Data and Analytics, Design, Mobile, Science and Engineering, Software","Enterprise Software, Human Computer Interaction, Market Research, Mobile, Software, UX Design",0,1,,Scientific and technological services,204700,USD,204700,,,"Pleasanton, California, United States",$1M to $10M,2015-01-21,day,,https://in.linkedin.com/company/uxreactor
Samsung Strategy and Innovation Center,https://www.crunchbase.com/organization/samsung-strategy-and-innovation-center,51-100,Active,http://www.samsung.com/us/ssic/,,,5,5,3,,,,,,"Consumer Electronics, Design, Hardware, Health Care, Information Technology, Internet Services, Other, Science and Engineering","B2B, Cloud Data Services, Human Computer Interaction, Internet of Things, Medical, Wearables",,,,,,,,,,"Menlo Park, California, United States",$10B+,2012-08-01,day,,https://www.linkedin.com/company/samsung-strategy-and-innovation-center/
Voxiva,https://www.crunchbase.com/organization/voxiva,101-250,Closed,http://www.voxiva.com,info@voxiva.com,+1 2024190130,,,,,,,,,"Design, Health Care, Mobile, Science and Engineering","Diabetes, Health Care, Human Computer Interaction, Mobile, Wellness",,,,,,,,,,"Washington, District of Columbia, United States",$1M to $10M,2001-01-01,year,,http://www.linkedin.com/company/voxiva
Clarice Technologies,https://www.crunchbase.com/organization/clarice-technologies,5001-10000,Closed,http://www.claricetechnologies.com,info@ClariceTechnologies.com,+91 20 4078 9520,,,,,,,,,"Design, Mobile, Science and Engineering, Software","Human Computer Interaction, Mobile, Product Design, Software, Web Design",,,,,,,,,,"Pune, Maharashtra, India",,2008-01-01,year,,http://www.linkedin.com/company/282783
OPINATOR,https://www.crunchbase.com/organization/opinator,51-100,Active,http://web.opinator.com/,info@opinator.com,+34917649812,,,,,,,,,"Apps, Data and Analytics, Design, Information Technology, Mobile, Other, Professional Services, Sales and Marketing, Science and Engineering, Software","Analytics, Customer Service, Digital Marketing, Human Computer Interaction, Information Technology, Marketing, Mobile Apps, SaaS, Software",,,,,1640371,USD,1640371,,,"Madrid, Madrid, Spain",Less than $1M,2011-01-01,year,Desafia,http://www.linkedin.com/company/2298424
Cloud Interactive,https://www.crunchbase.com/organization/cloud-interactive,51-100,Active,https://www.cloud-interactive.com/,info@cloud-interactive.com,+1 415-797-9448,,,,,,,,,"Artificial Intelligence (AI), Data and Analytics, Design, Professional Services, Science and Engineering, Software","Artificial Intelligence (AI), Consulting, Human Computer Interaction, Machine Learning, Software, Software Engineering, UX Design, Web Design",,,,,375065,USD,375065,,,"Taipei, T'ai-pei, Taiwan",Less than $1M,2010-01-01,year,,https://www.linkedin.com/company/cloud-interactive-1/
Bliss Applications,https://www.crunchbase.com/organization/bliss-applications,101-250,Active,http://www.blissapplications.com,hello@blissapplications.com,+351 21 454 4553,,,,,,,,,"Apps, Data and Analytics, Design, Information Technology, Science and Engineering, Software","Apps, Human Computer Interaction, Information Services, Product Design, Software, Usability Testing, UX Design, Web Design, Web Development",,,,,1511723,USD,1511723,,,"Oeiras, Lisboa, Portugal",$10M to $50M,2009-09-17,day,,https://www.linkedin.com/company/bliss-applications/
FCV Interactive,https://www.crunchbase.com/organization/fcv-interactive,101-250,Closed,http://www.fcvinteractive.com,sales@fcvinteractive.com,1(604)662-8407,,,,,,,,,"Advertising, Design, Internet Services, Media and Entertainment, Mobile, Other, Professional Services, Sales and Marketing, Science and Engineering, Software","Advertising, Customer Service, Digital Media, Human Computer Interaction, Internet, Mobile, Social Media, Web Design, Web Development",,,,,1297719,USD,1297719,,,"Vancouver, British Columbia, Canada",Less than $1M,2005-01-01,month,,https://www.linkedin.com/company/fcv-interactive
ROPARDO SRL,https://www.crunchbase.com/organization/ropardo-srl,51-100,Active,http://ropardo.ro/,office@ropardo.ro,+40 (0)269 231037,,,,,,,,,"Apps, Design, Information Technology, Internet Services, Manufacturing, Science and Engineering, Software","Business Information Systems, Cloud Data Services, DevOps, Enterprise Applications, Enterprise Software, Human Computer Interaction, Industrial Automation, Management Information Systems, Software, Software Engineering",,,,,,,,,,"Sibiu, Sibiu, Romania",,1994-01-01,year,,https://www.linkedin.com/company/ropardo-software-engineering/
Odopod,https://www.crunchbase.com/organization/odopod,51-100,Active,http://odopod.com,hello@odopod.com,415-436-9980,,,,,,,,,"Advertising, Design, Sales and Marketing, Science and Engineering","Advertising, Human Computer Interaction",,,,,538639,USD,538639,,,"San Francisco, California, United States",,2000-01-01,year,,https://www.linkedin.com/company/odopod
Shopstack,https://www.crunchbase.com/organization/shopstack,51-100,Active,https://www.shopstack.asia/,,243-20-12688,,,,,,,,,"Commerce and Shopping, Design, Science and Engineering, Software","E-Commerce, Human Computer Interaction, Software",,,,,,,,,,"Pathum Wan, Krung Thep, Thailand",,2015-01-01,day,,https://www.linkedin.com/company/shopstack-company
Parblo,https://www.crunchbase.com/organization/parblo,101-250,Active,https://www.parblo.com,social@parblo.com,,,,,,,,,,"Design, Hardware, Information Technology, Manufacturing, Media and Entertainment, Real Estate, Science and Engineering, Software","3D Technology, Architecture, Art, Human Computer Interaction, Industrial, Information Technology",0,2,,Scientific and electric apparatus and instruments,,,,,,"Shenzhen, Guangdong, China",$1M to $10M,2015-01-01,year,,https://www.linkedin.com/company/parblo/
Mind Technologies,https://www.crunchbase.com/organization/mind-technologies,101-250,Active,http://mindsolutionscorp.com,,+8884613932101,,,,,,,,,"Design, Hardware, Mobile, Science and Engineering, Software","Enterprise Software, Human Computer Interaction, Software, Wireless",,,,,1511,USD,1511,,,"Cardiff By The Sea, California, United States",,2004-01-01,year,,
Pucho Technology Information Private Limited,https://www.crunchbase.com/organization/pucho-technology-information-private-limited,51-100,Closed,https://www.pucho.ai/,vikram@pucho.co,+91-9699429836/9110681355,,,,,,,,,"Administrative Services, Artificial Intelligence (AI), Blockchain and Cryptocurrency, Data and Analytics, Design, Education, Hardware, Internet Services, Media and Entertainment, Other, Science and Engineering, Software","Artificial Intelligence (AI), Blockchain, Computer Vision, Education, Human Computer Interaction, Internet of Things, Knowledge Management, Machine Learning, Natural Language Processing, Social Media, Speech Recognition",,,,,,,,,,"Bengaluru, Karnataka, India",Less than $1M,2015-12-14,day,,https://www.linkedin.com/company/10327200?trk=prof-0-ovw-curr_pos
IdeaCloud,https://www.crunchbase.com/organization/ideacloud-0236,101-250,Active,https://www.ideacloud.com/,socialmedia@ideacloud.com,+1 801-359-2942,,,,,,,,,"Design, Information Technology, Science and Engineering, Software","Human Computer Interaction, Information Technology, Product Design, Software",,,,,375065,USD,375065,,,"Salt Lake City, Utah, United States",,2017-01-01,year,,https://www.linkedin.com/company/ideacloud-com/
Social AI,https://www.crunchbase.com/organization/social-ai,51-100,Active,https://socialcdt.org,,,,,,,,,,,"Artificial Intelligence (AI), Data and Analytics, Design, Hardware, Science and Engineering, Software","Artificial Intelligence (AI), Human Computer Interaction, Robotics",,,,,120500,USD,120500,,,"Glasgow, Glasgow City, United Kingdom",,2019-01-01,year,,https://www.linkedin.com/company/social-ai-cdt
Computerized Facility Integration,https://www.crunchbase.com/organization/computerized-facility-integration,51-100,Closed,http://www.gocfi.com/,jbuechel@gocfi.com,(248) 557-4234,,,,,,,,,"Design, Science and Engineering, Software","Human Computer Interaction, Software",0,5,,Scientific and technological services,,,,,,"Southfield, Michigan, United States",,1990-01-01,year,,https://www.linkedin.com/company/computerized-facility-integration
Interactive Restaurant Technology,https://www.crunchbase.com/organization/interactive-restaurant-technology,51-100,Active,https://itrestaurant.net,dk@itrestaurant.net,1 (415) 799-88-33,,,,,,,,,"Design, Science and Engineering, Software, Travel and Tourism","Hospitality, Human Computer Interaction, Software",,,,,1255174,USD,1255174,,,"Toronto, Ontario, Canada",$10M to $50M,2011-01-01,year,,https://www.linkedin.com/company/interactive-restaurant-technology
Payroll2U,https://www.crunchbase.com/organization/payroll2u,101-250,Active,https://payroll2u.com/,sales@payroll2u.com,+65-65921811,,,,,,,,,"Administrative Services, Design, Information Technology, Internet Services, Professional Services, Science and Engineering, Software","Cloud Management, Human Computer Interaction, Human Resources, Outsourcing",,,,,,,,,,"Singapore, Central Region, Singapore",,2012-01-01,year,,https://www.linkedin.com/company/payroll2u-pte-ltd
Apex Telecom,https://www.crunchbase.com/organization/apex-telecom,51-100,Active,https://apextelecom.us/,tpershing@apextelecom.us,+1 317 738 2468,,,,,,,,,"Design, Hardware, Internet Services, Messaging and Telecommunications, Science and Engineering","Human Computer Interaction, Internet, Telecommunications, Wired Telecommunications",,,,,,,,,,"Franklin, Indiana, United States",$1M to $10M,,,,https://www.linkedin.com/company/apex-telecom-inc.
Affinity,https://www.crunchbase.com/organization/affinity-fe9e,51-100,Active,https://www.affinityteam.com.au/,,0800 729 633,,,,,,,,,"Administrative Services, Design, Financial Services, Science and Engineering, Software","Bookkeeping and Payroll, Human Computer Interaction, Human Resources, Software",,,,,,,,,,"Ponsonby, Auckland, New Zealand",,1987-01-01,day,,
UK Data Service,https://www.crunchbase.com/organization/uk-data-service,101-250,Active,https://www.ukdataservice.ac.uk/,help@ukdataservice.ac.uk,,,,,,,,,,"Data and Analytics, Design, Science and Engineering","Analytics, Human Computer Interaction, Market Research",,,,,484256,USD,484256,,,"Manchester, Manchester, United Kingdom",,,,,https://www.linkedin.com/company/uk-data-service/
Dignity Electronics,https://www.crunchbase.com/organization/dignity-electronics,501-1000,Active,https://www.dignity.com.cn,info@dignity.com.cn,+86 757 2668 7241,,,,,,,,,"Consumer Electronics, Design, Hardware, Manufacturing, Science and Engineering","Electronics, Human Computer Interaction, Manufacturing",0,1,,Scientific and electric apparatus and instruments,,,,,,"Foshan, Guangdong, China",$1M to $10M,1994-01-01,year,,https://www.linkedin.com/company/dignity-touch-hmi
Numatic Venture Studio,https://www.crunchbase.com/organization/numatic-venture-studio,51-100,Active,https://numatic.co,hello@numatic.co,,,,,,,,,,"Design, Information Technology, Professional Services, Science and Engineering, Software","Consulting, Enterprise Software, Human Computer Interaction, Information Technology, Software Engineering",,,,,,,,,,"Boca Raton, Florida, United States",,2019-01-01,year,,https://www.linkedin.com/company/numaticco/
CINQSMILE,https://www.crunchbase.com/organization/cinqsmile,51-100,Active,https://5smile.com/,info@5smile.com,+81-3-6826-4055,,,,,,,,,"Administrative Services, Design, Health Care, Science and Engineering","Human Computer Interaction, Human Resources, Medical, Nursing and Residential Care, Product Design, Staffing Agency",,,,,,,,,,"Tokyo, Tokyo, Japan",$10M to $50M,2007-06-06,day,,https://www.linkedin.com/company/5smile/
Mibtech,https://www.crunchbase.com/organization/mibtech,51-100,Active,https://www.mibtec.it,mibtec@unimib.it,,,,,,,,,,"Data and Analytics, Design, Hardware, Information Technology, Science and Engineering, Software","Human Computer Interaction, Market Research, Virtualization",,,,,,,,,,"Milan, Lombardia, Italy",,2018-01-01,year,,https://www.linkedin.com/company/mibtec
Qualitynet General Trading &ntracting Company WLLver,https://www.crunchbase.com/organization/qualitynet-general-trading-ntracting-company-wllver,501-1000,Active,http://www.qualitynet.net/,,965 1827 827,,,,,,,,,"Consumer Electronics, Design, Hardware, Internet Services, Science and Engineering","Computer, Human Computer Interaction, Internet",,,,,,,,,,,,1988-01-01,day,,https://www.linkedin.com/company/qualitynet/
Hostingvereniging Soleus,https://www.crunchbase.com/organization/hostingvereniging-soleus,51-100,Active,https://www.soleus.nu/,info@soleus.nu,,,,,,,,,,"Design, Hardware, Information Technology, Internet Services, Other, Science and Engineering","Cloud Data Services, Cloud Infrastructure, Human Computer Interaction, Infrastructure",,,,,1834488,USD,1834488,,,"Beverwijk, Noord-Holland, The Netherlands",$10M to $50M,2007-01-01,year,,https://www.linkedin.com/company/hostingvereniging-soleus/
"Shenzhen Jintian Creative Tech Co.,Ltd",https://www.crunchbase.com/organization/shenzhen-jintian-tech-development-co-ltd,51-100,Active,http://www.szjtcc.com,sales@szjtcc.com,13590220177,,,,,,,,,"Design, Hardware, Mobile, Science and Engineering","Flash Storage, Human Computer Interaction, Wireless",,,,,,,,,,"Shenzhen, Guangdong, China",,2013-04-02,day,,
eck*cellent IT,https://www.crunchbase.com/organization/eck-cellent-it,101-250,Active,https://eckcellent-it.de,info@eckcellent-it.de,+49 0531 7022 2000,,,,,,,,,"Design, Information Technology, Science and Engineering, Software, Transportation","Automotive, Human Computer Interaction, Information Technology, Software",,,,,,,,,,"Braunschweig, Niedersachsen, Germany",,1998-01-01,year,,https://www.linkedin.com/company/eckcellentitgmbh
MSHOW,https://www.crunchbase.com/organization/mshow-com,1001-5000,Closed,http://www.mshow.com/,info@intercall.com,+1 316-265-9555,,,,,,,,,"Design, Media and Entertainment, Sales and Marketing, Science and Engineering, Video","Broadcasting, Human Computer Interaction, Marketing",,,,,,,,,,"Chicago, Illinois, United States",,1986-01-01,year,"Blue Chip Venture Company, Sequel Venture Partners, KnowledgeNet Holdings, Citizen's Capital, Enron Communications",https://www.linkedin.com/company/mshow-com/
CHUM School of AI in Health,https://www.crunchbase.com/organization/chum-school-of-ai-in-health,5001-10000,Active,https://www.eiaschum.ca,eias.chum@ssss.gouv.qc.ca,+1-514-890-8000,,,,,,,,,"Artificial Intelligence (AI), Data and Analytics, Design, Health Care, Science and Engineering, Software","Artificial Intelligence (AI), Health Care, Human Computer Interaction",,,,,95213,USD,95213,,,"Montréal, Quebec, Canada",,2018-01-01,year,,https://www.linkedin.com/company/eias-saih/
Arsenault Resume and Editorial Services,https://www.crunchbase.com/organization/arsenault-resume-and-editorial-services,51-100,Active,http://www.arsenaultresume.com/,,1-781-337-7337,,,,,,,,,"Content and Publishing, Design, Internet Services, Media and Entertainment, Science and Engineering","Human Computer Interaction, Internet, Photo Editing",,,,,66482,USD,66482,,,"East Weymouth, Massachusetts, United States",,,,,
PrivaByte,https://www.crunchbase.com/organization/privabyte,501-1000,Active,https://privabyte.com,,,,,,,,,,,"Design, Information Technology, Privacy and Security, Science and Engineering","Cyber Security, Human Computer Interaction, Identity Management, Privacy",,,,,,,,,,"Wilmington, Delaware, United States",,2002-01-01,year,,https://www.linkedin.com/company/philanthropic-intelligence/
AMERICAN SYSCORP ™ BY askbytes.com – INTERNATIONAL SENSE GROUP,https://www.crunchbase.com/organization/american-syscorp,51-100,Active,http://www.americansyscorp.com/,,,,,,,,,,,"Design, Information Technology, Internet Services, Science and Engineering","Human Computer Interaction, Internet, Internet of Things, IT Infrastructure",,,,,140350,USD,140350,,,"San Francisco, California, United States",,,,,https://www.linkedin.com/company/13357755/
